"Labour force characteristics by sex and detailed age group, monthly, unadjusted for seasonality 1 2"
"Frequency: Monthly"
"Table: 14-10-0017-01 (formerly CANSIM 282-0001)"
"Release date: 2024-04-05"
"Geography: Canada, Province or territory"
""
""

,,"Labour force characteristics","Employment 4  (x 1,000)",,,,,,,,,,,,,,,,,,,,,,,,,,,,,,,,,,,,,,,,,,,,,,,,,,,,,,,,,,,,,,,,,,,,,,,,,,,,,,,,,,,,,,,,,,,,,,,,,,,,,,,,,,,,,,,,,,,,,,,,,,,,,,,,,,,,,,,,,,,,,,,,,,,,,,,,,,,,,,,,,,,,,,,,,,,,,,,,,,,,,,,,,,,,,,,,,,,,,,,,,,,,,,,,,,,,,,,,,,,,,,,,,,,,,,,,,,,,,,,,,,,,,,,,,,,,,,,,,,,,,,,,"Unemployment rate 5",,,,,,,,,,,,,,,,,,,,,,,,,,,,,,,,,,,,,,,,,,,,,,,,,,,,,,,,,,,,,,,,,,,,,,,,,,,,,,,,,,,,,,,,,,,,,,,,,,,,,,,,,,,,,,,,,,,,,,,,,,,,,,,,,,,,,,,,,,,,,,,,,,,,,,,,,,,,,,,,,,,,,,,,,,,,,,,,,,,,,,,,,,,,,,,,,,,,,,,,,,,,,,,,,,,,,,,,,,,,,,,,,,,,,,,,,,,,,,,,,,,,,,,,,,,,,,,,,,,,,,,
"Geography 3","Sex","Age group","January 2001","February 2001","March 2001","April 2001","May 2001","June 2001","July 2001","August 2001","September 2001","October 2001","November 2001","December 2001","January 2002","February 2002","March 2002","April 2002","May 2002","June 2002","July 2002","August 2002","September 2002","October 2002","November 2002","December 2002","January 2003","February 2003","March 2003","April 2003","May 2003","June 2003","July 2003","August 2003","September 2003","October 2003","November 2003","December 2003","January 2004","February 2004","March 2004","April 2004","May 2004","June 2004","July 2004","August 2004","September 2004","October 2004","November 2004","December 2004","January 2005","February 2005","March 2005","April 2005","May 2005","June 2005","July 2005","August 2005","September 2005","October 2005","November 2005","December 2005","January 2006","February 2006","March 2006","April 2006","May 2006","June 2006","July 2006","August 2006","September 2006","October 2006","November 2006","December 2006","January 2007","February 2007","March 2007","April 2007","May 2007","June 2007","July 2007","August 2007","September 2007","October 2007","November 2007","December 2007","January 2008","February 2008","March 2008","April 2008","May 2008","June 2008","July 2008","August 2008","September 2008","October 2008","November 2008","December 2008","January 2009","February 2009","March 2009","April 2009","May 2009","June 2009","July 2009","August 2009","September 2009","October 2009","November 2009","December 2009","January 2010","February 2010","March 2010","April 2010","May 2010","June 2010","July 2010","August 2010","September 2010","October 2010","November 2010","December 2010","January 2011","February 2011","March 2011","April 2011","May 2011","June 2011","July 2011","August 2011","September 2011","October 2011","November 2011","December 2011","January 2012","February 2012","March 2012","April 2012","May 2012","June 2012","July 2012","August 2012","September 2012","October 2012","November 2012","December 2012","January 2013","February 2013","March 2013","April 2013","May 2013","June 2013","July 2013","August 2013","September 2013","October 2013","November 2013","December 2013","January 2014","February 2014","March 2014","April 2014","May 2014","June 2014","July 2014","August 2014","September 2014","October 2014","November 2014","December 2014","January 2015","February 2015","March 2015","April 2015","May 2015","June 2015","July 2015","August 2015","September 2015","October 2015","November 2015","December 2015","January 2016","February 2016","March 2016","April 2016","May 2016","June 2016","July 2016","August 2016","September 2016","October 2016","November 2016","December 2016","January 2017","February 2017","March 2017","April 2017","May 2017","June 2017","July 2017","August 2017","September 2017","October 2017","November 2017","December 2017","January 2018","February 2018","March 2018","April 2018","May 2018","June 2018","July 2018","August 2018","September 2018","October 2018","November 2018","December 2018","January 2019","February 2019","March 2019","April 2019","May 2019","June 2019","July 2019","August 2019","September 2019","October 2019","November 2019","December 2019","January 2020","February 2020","March 2020","April 2020","May 2020","June 2020","July 2020","August 2020","September 2020","October 2020","November 2020","December 2020","January 2021","February 2021","March 2021","April 2021","May 2021","June 2021","July 2021","August 2021","September 2021","October 2021","November 2021","December 2021","January 2022","February 2022","March 2022","April 2022","May 2022","June 2022","July 2022","August 2022","September 2022","October 2022","November 2022","December 2022","January 2001","February 2001","March 2001","April 2001","May 2001","June 2001","July 2001","August 2001","September 2001","October 2001","November 2001","December 2001","January 2002","February 2002","March 2002","April 2002","May 2002","June 2002","July 2002","August 2002","September 2002","October 2002","November 2002","December 2002","January 2003","February 2003","March 2003","April 2003","May 2003","June 2003","July 2003","August 2003","September 2003","October 2003","November 2003","December 2003","January 2004","February 2004","March 2004","April 2004","May 2004","June 2004","July 2004","August 2004","September 2004","October 2004","November 2004","December 2004","January 2005","February 2005","March 2005","April 2005","May 2005","June 2005","July 2005","August 2005","September 2005","October 2005","November 2005","December 2005","January 2006","February 2006","March 2006","April 2006","May 2006","June 2006","July 2006","August 2006","September 2006","October 2006","November 2006","December 2006","January 2007","February 2007","March 2007","April 2007","May 2007","June 2007","July 2007","August 2007","September 2007","October 2007","November 2007","December 2007","January 2008","February 2008","March 2008","April 2008","May 2008","June 2008","July 2008","August 2008","September 2008","October 2008","November 2008","December 2008","January 2009","February 2009","March 2009","April 2009","May 2009","June 2009","July 2009","August 2009","September 2009","October 2009","November 2009","December 2009","January 2010","February 2010","March 2010","April 2010","May 2010","June 2010","July 2010","August 2010","September 2010","October 2010","November 2010","December 2010","January 2011","February 2011","March 2011","April 2011","May 2011","June 2011","July 2011","August 2011","September 2011","October 2011","November 2011","December 2011","January 2012","February 2012","March 2012","April 2012","May 2012","June 2012","July 2012","August 2012","September 2012","October 2012","November 2012","December 2012","January 2013","February 2013","March 2013","April 2013","May 2013","June 2013","July 2013","August 2013","September 2013","October 2013","November 2013","December 2013","January 2014","February 2014","March 2014","April 2014","May 2014","June 2014","July 2014","August 2014","September 2014","October 2014","November 2014","December 2014","January 2015","February 2015","March 2015","April 2015","May 2015","June 2015","July 2015","August 2015","September 2015","October 2015","November 2015","December 2015","January 2016","February 2016","March 2016","April 2016","May 2016","June 2016","July 2016","August 2016","September 2016","October 2016","November 2016","December 2016","January 2017","February 2017","March 2017","April 2017","May 2017","June 2017","July 2017","August 2017","September 2017","October 2017","November 2017","December 2017","January 2018","February 2018","March 2018","April 2018","May 2018","June 2018","July 2018","August 2018","September 2018","October 2018","November 2018","December 2018","January 2019","February 2019","March 2019","April 2019","May 2019","June 2019","July 2019","August 2019","September 2019","October 2019","November 2019","December 2019","January 2020","February 2020","March 2020","April 2020","May 2020","June 2020","July 2020","August 2020","September 2020","October 2020","November 2020","December 2020","January 2021","February 2021","March 2021","April 2021","May 2021","June 2021","July 2021","August 2021","September 2021","October 2021","November 2021","December 2021","January 2022","February 2022","March 2022","April 2022","May 2022","June 2022","July 2022","August 2022","September 2022","October 2022","November 2022","December 2022"
,,,"Persons",,,,,,,,,,,,,,,,,,,,,,,,,,,,,,,,,,,,,,,,,,,,,,,,,,,,,,,,,,,,,,,,,,,,,,,,,,,,,,,,,,,,,,,,,,,,,,,,,,,,,,,,,,,,,,,,,,,,,,,,,,,,,,,,,,,,,,,,,,,,,,,,,,,,,,,,,,,,,,,,,,,,,,,,,,,,,,,,,,,,,,,,,,,,,,,,,,,,,,,,,,,,,,,,,,,,,,,,,,,,,,,,,,,,,,,,,,,,,,,,,,,,,,,,,,,,,,,,,,,,,,,,"Percentage",,,,,,,,,,,,,,,,,,,,,,,,,,,,,,,,,,,,,,,,,,,,,,,,,,,,,,,,,,,,,,,,,,,,,,,,,,,,,,,,,,,,,,,,,,,,,,,,,,,,,,,,,,,,,,,,,,,,,,,,,,,,,,,,,,,,,,,,,,,,,,,,,,,,,,,,,,,,,,,,,,,,,,,,,,,,,,,,,,,,,,,,,,,,,,,,,,,,,,,,,,,,,,,,,,,,,,,,,,,,,,,,,,,,,,,,,,,,,,,,,,,,,,,,,,,,,,,,,,,,,,,
"Newfoundland and Labrador","Both sexes","15 to 19 years","7.2","6.7","7.6","7.6","9.6","10.7","18.0","14.9","7.6","7.8","8.7","9.1","8.2","7.5","8.2","9.1","9.9","13.3","22.0","17.8","11.6","10.4","10.8","10.4","9.1","9.6","9.5","8.4","9.5","10.5","18.0","17.8","10.5","9.7","9.7","10.3","9.8","9.2","8.9","7.8","10.3","11.2","20.1","18.0","9.5","8.6","9.0","9.4","9.0","8.9","8.6","8.6","9.6","11.6","17.5","14.5","8.5","7.2","10.8","10.6","9.1","9.4","10.0","9.3","11.1","10.3","17.9","16.7","9.8","9.6","9.5","9.7","8.6","9.5","9.0","9.0","11.0","12.9","19.1","18.0","10.9","10.0","11.5","11.6","10.3","9.2","9.2","10.0","11.4","14.9","20.4","19.6","9.7","9.9","9.0","10.0","9.5","7.7","8.2","9.2","11.1","11.8","16.7","15.6","10.3","9.8","9.7","10.1","9.0","8.5","6.8","7.4","9.6","10.9","17.0","14.6","10.4","10.0","10.4","10.2","8.3","9.1","8.1","9.5","11.7","11.7","15.3","14.1","9.4","9.2","10.3","12.1","9.7","10.2","9.7","10.7","12.4","13.1","17.1","16.1","10.0","11.4","10.5","10.9","8.6","8.6","8.4","8.7","10.3","10.1","15.2","15.0","9.3","9.6","8.4","8.5","6.8","7.6","8.4","8.6","9.4","10.9","16.4","15.3","9.7","9.7","11.1","10.8","10.4","8.6","8.6","8.9","10.7","10.9","15.4","15.5","10.5","11.2","12.8","12.9","11.3","11.2","9.8","9.4","11.4","11.5","15.7","14.8","8.6","8.8","9.6","10.2","8.2","8.6","9.6","9.4","10.5","11.6","14.5","13.0","9.3","8.9","8.4","9.1","8.1","8.4","8.8","9.1","9.5","10.6","15.8","15.1","9.3","8.9","7.5","8.2","7.8","7.3","8.2","8.2","8.9","9.6","15.9","14.0","7.1","8.3","9.2","9.5","7.5","8.3","6.1","5.6","6.7","11.1","13.9","14.9","10.0","8.1","8.6","8.8","8.5","7.2","8.1","8.1","9.5","12.3","16.6","13.2","10.9","9.5","10.0","9.1","7.3","9.2","8.7","10.3","12.2","13.3","17.3","15.7","9.9","10.4","9.5","10.2","32.4","33.7","26.9","29.6","28.9","24.6","27.6","22.0","29.6","30.4","21.6","23.3","20.4","29.9","29.9","25.0","36.5","23.6","16.7","19.5","23.8","26.8","22.3","22.0","29.5","27.3","17.2","28.6","29.4","26.1","27.7","19.5","21.1","19.8","19.8","21.4","21.6","25.2","26.4","31.3","29.9","27.0","20.9","20.0","28.0","31.7","26.8","21.7","25.8","23.9","21.3","30.1","24.8","23.2","25.8","19.4","28.6","36.3","23.8","15.2","24.2","19.7","21.3","27.6","24.7","24.8","21.1","18.0","24.6","20.7","21.5","22.2","27.7","20.8","23.7","25.4","20.3","16.2","12.8","16.3","16.2","20.6","21.1","15.2","14.2","21.4","21.4","25.6","26.5","14.9","18.1","12.1","24.8","23.8","28.0","19.4","21.5","35.3","29.3","24.0","22.4","20.8","28.0","21.2","24.6","23.4","24.2","19.2","21.7","24.8","35.0","30.2","30.4","27.8","22.7","23.6","24.6","22.5","21.6","13.6","20.2","22.9","28.3","20.7","22.5","20.4","27.8","22.1","23.0","24.6","25.7","17.6","22.4","19.0","16.5","27.2","21.5","20.1","21.2","19.9","22.5","21.4","23.9","20.0","27.7","19.8","20.0","20.0","22.0","22.3","22.8","17.2","21.8","25.0","31.7","21.8","34.6","26.9","23.1","23.9","27.3","17.4","17.9","16.4","20.5","26.5","22.5","14.8","13.9","23.2","25.6","27.0","26.9","22.7","21.8","14.8","19.2","15.2","13.5","12.2","13.6","14.5","16.2","13.8","11.6","11.6","21.1","14.4","27.1","22.6","25.0","17.7","28.7","23.9","25.0","24.4","25.0","12.8","21.7","19.8","23.8","24.1","28.8","22.9","19.0","22.2","20.0","17.3","28.6","24.3","19.5","15.7","26.8","17.8","32.4","21.9","22.5","24.7","28.1","28.7","23.9","27.5","18.1","18.6","28.0","23.1","17.1","15.2","19.1","13.5","29.1","27.3","34.3","35.3","26.1","12.9","19.4","20.6","20.9","20.7","19.8","28.7","31.9","33.6","25.2","15.3","13.1","12.6","18.2","13.6","13.8","10.0","21.5","15.6","21.1","23.1","16.4","14.2","11.3","12.8","17.4","18.8","16.7","15.7"
"Prince Edward Island",,,"3.3","3.6","3.5","3.4","5.0","5.6","7.6","7.1","4.5","4.5","3.8","4.0","3.6","3.8","3.7","4.2","5.1","5.7","8.0","7.7","4.7","4.7","4.3","4.6","4.0","4.2","4.3","4.3","5.1","6.6","8.2","8.2","4.5","4.3","4.2","4.1","3.5","3.4","3.6","3.2","4.9","5.1","6.8","7.4","5.0","5.0","4.7","4.6","4.1","4.3","3.9","3.8","4.8","5.6","7.8","7.6","4.8","4.0","4.3","3.7","3.4","3.6","3.7","3.7","4.9","5.5","6.7","7.2","4.7","4.5","4.6","4.3","4.3","4.8","4.5","4.7","5.2","5.7","7.4","7.7","5.2","5.4","4.6","4.8","4.5","4.2","4.5","4.3","5.2","6.1","7.2","7.5","5.2","4.7","4.3","3.8","3.5","3.8","3.7","3.9","5.0","5.8","7.1","7.2","4.3","4.4","4.1","3.8","3.6","3.6","3.9","4.0","4.9","5.7","7.1","7.2","4.5","4.5","4.4","3.7","3.8","4.0","3.8","4.2","4.6","5.1","7.0","7.1","4.8","4.4","4.3","4.4","4.2","4.0","4.1","4.1","5.5","5.4","6.6","6.4","3.9","3.3","3.1","3.5","3.9","4.1","4.0","3.9","4.7","5.1","6.5","6.3","3.9","4.2","3.8","3.7","3.9","3.6","3.3","3.6","4.5","5.2","6.5","6.3","4.0","3.6","3.3","3.4","3.1","3.7","3.2","3.2","3.9","4.9","6.1","6.2","3.9","3.8","3.5","3.6","3.3","3.5","3.2","2.9","4.3","5.0","6.2","6.1","4.2","3.7","3.7","3.8","3.4","3.8","3.5","3.9","4.6","4.9","5.9","6.0","3.4","3.6","3.4","3.5","3.2","3.3","3.3","3.3","4.4","4.9","7.1","6.6","3.9","3.9","3.6","3.4","3.0","3.2","3.6","3.2","4.3","5.1","7.2","7.2","4.6","4.4","3.8","3.9","3.6","3.8","2.5","2.3","3.8","4.8","5.8","5.8","3.1","3.1","3.2","2.9","3.3","2.9","2.8","2.9","3.8","4.6","6.6","6.9","4.0","3.7","4.2","4.4","3.4","4.1","4.2","4.1","4.9","6.2","6.6","7.5","3.6","4.0","3.6","4.0","23.3","23.4","18.6","29.2","21.0","13.8","11.6","11.4","19.6","16.7","17.4","21.6","28.0","25.5","20.8","16.3","17.5","13.6","10.1","10.5","17.5","16.1","14.0","9.8","21.6","21.2","20.4","20.4","21.5","10.8","8.9","5.7","18.2","20.4","22.2","16.3","28.6","25.5","23.4","28.9","16.9","13.3","17.1","11.0","15.3","16.7","21.7","19.6","21.2","17.6","22.0","17.8","17.2","14.9","14.3","8.3","12.7","23.5","12.2","17.8","25.0","20.0","18.2","17.8","21.0","11.5","19.3","8.9","16.1","15.4","16.4","18.9","21.8","7.7","13.5","13.2","13.3","10.9","11.9","10.5","14.8","12.9","23.3","20.3","21.4","16.0","15.1","24.6","20.0","17.6","15.3","10.8","17.5","20.0","17.0","25.5","25.5","24.0","22.9","25.0","18.0","9.4","11.3","11.1","23.6","18.5","21.2","24.0","21.7","21.7","20.4","15.2","15.5","16.2","12.3","10.0","16.7","16.7","15.4","24.5","17.0","18.4","25.5","19.2","20.7","19.0","14.8","7.8","20.0","17.0","18.9","20.0","20.8","22.0","21.2","28.1","16.7","18.2","12.0","14.9","18.8","27.3","27.9","25.5","23.5","18.0","20.0","29.1","18.6","12.3","14.5","7.4","22.4","17.6","22.9","19.6","18.8","20.0","23.3","23.9","26.7","17.5","14.7","8.7","20.0","20.5","22.0","21.4","18.4","15.9","23.8","28.9","22.0","20.0","18.7","12.9","15.6","20.8","26.1","14.3","15.4","20.5","20.0","29.3","15.4","13.6","15.1","11.6","14.0","20.8","15.9","19.1","20.9","20.4","20.0","19.1","19.3","15.5","17.8","6.3","15.0","16.3","16.7","22.2","20.5","15.8","22.0","25.0","19.6","13.8","6.6","5.7","7.0","7.1","14.0","12.8","18.9","13.5","20.0","22.5","14.3","8.9","6.5","4.0","14.8","10.2","21.3","11.4","14.3","11.6","23.5","32.4","26.9","23.8","20.5","10.8","11.4","20.5","31.1","29.3","12.8","14.7","22.2","29.3","22.9","22.0","15.4","6.8","18.4","19.6","14.3","14.0","20.5","14.6","17.6","14.6","15.5","6.1","13.2","5.1","18.2","21.6","18.2","10.9"
"Nova Scotia",,,"19.5","21.6","22.7","21.2","24.8","26.5","33.3","34.8","21.9","25.2","24.2","22.1","22.0","22.6","22.6","21.7","25.8","27.4","34.6","36.7","23.4","24.7","25.5","24.6","24.8","25.6","25.2","24.6","25.9","29.6","35.2","33.6","26.7","25.5","27.6","26.6","24.5","23.4","22.5","23.1","26.7","30.8","37.0","35.7","24.4","26.4","25.0","27.0","22.6","24.1","22.8","24.4","26.8","27.6","35.3","34.0","24.5","25.1","25.0","26.0","24.8","25.9","27.0","25.6","29.5","29.6","35.5","35.8","24.9","25.4","25.6","28.1","25.6","26.4","25.2","26.0","29.7","31.5","37.9","36.0","25.9","27.8","25.5","27.8","26.5","25.9","26.5","26.1","29.7","32.9","39.0","36.8","27.0","27.0","24.0","24.8","22.3","23.0","24.6","24.8","27.8","28.2","32.5","35.0","22.4","25.5","25.8","27.7","25.5","24.0","24.2","25.1","26.8","26.9","32.2","31.4","23.3","24.3","22.8","24.2","22.1","22.7","22.3","21.9","24.6","26.0","30.0","29.6","22.4","21.6","22.2","23.6","21.1","22.0","22.3","20.1","24.9","27.4","30.6","29.6","23.7","21.5","20.0","21.1","18.5","19.5","21.1","19.5","20.7","23.8","27.7","27.9","21.7","20.5","19.6","20.9","19.2","19.5","18.5","19.7","22.4","24.4","28.4","27.4","18.2","19.7","19.9","20.0","19.0","19.3","21.0","19.5","22.9","24.3","28.8","28.8","20.3","20.9","20.0","18.7","18.3","17.9","17.8","19.4","21.4","25.7","26.3","25.4","17.4","16.5","16.8","18.2","16.7","18.2","20.5","20.1","23.3","23.8","26.1","27.9","19.7","18.0","18.0","17.7","15.5","16.4","16.9","17.8","21.7","21.8","28.6","29.5","21.2","20.7","21.8","22.1","21.6","22.8","22.3","21.0","23.4","25.0","28.3","28.4","22.9","23.1","22.8","22.6","22.0","21.6","15.1","11.7","17.6","20.9","25.6","23.7","23.5","21.2","19.0","16.2","15.5","19.0","19.1","19.3","19.9","22.3","27.4","27.2","19.7","20.1","21.3","23.1","21.7","21.9","22.0","21.9","23.7","24.4","29.2","27.9","23.0","23.6","22.5","23.3","24.2","19.7","20.1","26.4","19.0","13.7","23.0","14.1","26.5","18.7","21.2","25.3","24.6","21.5","21.6","27.5","21.6","15.2","21.9","16.2","25.5","23.1","18.7","16.9","15.4","14.7","15.7","18.0","22.8","14.5","23.1","19.5","16.3","18.3","18.6","15.8","20.0","15.8","25.5","19.8","23.1","14.9","19.4","18.1","21.5","19.3","21.1","18.7","22.8","23.9","24.3","19.4","20.0","22.0","17.5","14.6","22.7","18.2","17.2","13.3","12.4","15.6","14.6","18.2","16.9","14.0","18.4","14.3","22.2","21.2","16.1","14.1","17.2","13.7","20.3","21.5","23.3","13.7","16.9","15.9","14.8","12.9","19.3","15.0","18.2","15.9","19.7","16.9","20.8","14.3","13.1","14.6","19.2","21.3","21.1","19.5","22.0","26.8","21.8","26.2","21.9","20.6","23.0","17.6","23.8","18.3","19.9","17.6","14.7","20.0","19.9","18.8","20.7","16.5","23.2","17.8","21.8","20.3","23.2","22.2","25.1","23.1","21.2","25.0","23.8","19.3","24.3","19.6","22.9","22.7","21.3","12.3","22.1","16.0","19.5","27.7","20.9","15.2","19.3","17.8","20.2","22.9","23.7","21.0","27.5","23.5","25.7","27.3","27.6","19.0","21.5","18.9","19.9","21.5","20.6","25.4","23.8","20.7","25.0","25.1","20.0","14.1","20.9","18.5","25.1","23.9","18.1","20.0","21.2","25.2","17.3","25.7","21.5","19.0","20.9","16.3","23.1","18.0","18.7","20.4","23.1","26.3","23.9","21.1","20.1","14.3","18.6","16.7","12.1","24.3","23.6","19.8","24.1","21.6","20.8","18.9","19.4","18.8","22.1","18.4","21.5","26.2","22.6","19.1","26.2","25.5","21.8","31.5","20.8","20.1","16.1","16.7","20.6","17.3","10.7","16.0","16.0","16.5","13.2","17.6","14.6","18.6","19.1","17.7","18.8","18.4","16.7","16.7","14.7","18.8","23.7","35.4","20.7","32.6","22.0","21.8","9.3","16.5","12.0","15.6","32.3","18.5","21.4","18.2","21.0","23.6","17.5","15.6","16.9","15.9","18.9","14.1","10.0","17.6","20.3","15.1","17.5","11.6","13.1","21.2","15.8","15.4","11.1","15.9"
"New Brunswick",,,"17.5","17.0","15.8","18.2","20.8","23.0","30.8","30.1","18.8","19.9","19.5","18.4","18.9","19.2","18.7","19.9","22.3","25.1","31.5","30.3","22.2","20.9","20.9","19.4","19.0","19.1","18.0","19.0","20.3","25.0","31.3","27.5","19.3","21.0","21.3","20.5","18.9","17.6","17.2","16.6","21.4","24.9","28.5","29.5","19.6","18.5","19.5","19.7","17.8","17.1","18.3","18.4","23.3","23.2","30.4","29.8","19.5","18.9","19.3","21.0","19.5","19.1","18.8","20.2","22.1","24.7","29.9","26.9","18.5","18.8","19.7","19.6","18.1","19.9","20.6","22.5","24.6","26.1","32.5","30.1","22.0","21.4","20.4","21.4","20.8","20.1","20.6","22.0","24.8","28.7","32.4","32.8","23.1","21.1","22.2","22.2","20.9","20.0","19.2","19.1","22.8","25.2","26.7","27.6","19.5","20.0","20.6","20.1","19.0","18.1","16.8","16.2","20.2","22.0","26.6","25.8","17.3","17.7","17.7","18.0","17.5","17.9","17.1","18.3","21.8","20.3","24.4","24.3","16.6","16.6","16.2","15.8","13.7","14.6","14.4","16.3","19.0","19.5","22.4","23.3","17.3","14.2","14.8","15.2","14.8","14.5","13.4","15.3","18.4","17.4","22.5","23.2","18.6","16.9","15.9","15.8","14.9","15.9","15.0","13.7","16.6","20.3","22.8","22.1","14.8","14.9","15.6","15.0","12.8","13.7","14.2","14.8","17.1","18.7","24.0","23.2","15.5","17.8","17.1","17.6","15.0","14.9","15.7","15.8","17.9","17.2","25.2","25.1","17.8","17.5","19.0","19.3","16.3","15.5","15.6","15.7","18.7","18.7","23.6","23.1","15.5","16.9","16.3","16.0","16.5","17.0","17.0","18.2","22.4","23.3","27.3","25.9","16.9","16.3","16.9","16.9","15.8","16.6","18.2","18.4","21.6","22.8","26.1","25.7","15.5","15.3","14.3","14.1","15.8","17.8","13.7","10.9","15.9","20.8","22.9","23.7","16.4","16.1","16.9","19.1","18.1","19.1","19.7","20.2","22.2","22.7","26.6","25.3","18.4","16.9","16.4","15.3","13.1","14.5","16.0","17.7","20.8","23.1","26.7","28.0","20.4","18.1","18.0","17.8","21.2","22.0","28.2","22.2","25.2","22.0","16.3","12.8","20.4","20.7","25.3","20.8","20.3","21.0","21.8","22.4","19.8","13.7","17.5","13.4","14.3","19.0","15.7","16.0","17.7","17.3","14.7","21.8","19.4","21.6","16.8","16.9","22.2","15.3","16.1","17.0","19.1","19.6","23.9","24.5","22.2","22.2","17.4","12.2","14.4","18.5","18.8","15.8","17.2","19.0","20.8","20.0","18.8","14.7","17.4","9.4","12.2","23.4","19.8","15.0","17.7","18.0","21.3","18.5","21.6","17.2","18.5","19.7","21.9","17.5","16.9","16.9","16.2","13.5","14.6","12.5","17.7","10.9","10.5","12.2","16.3","12.3","15.8","12.3","15.2","13.0","13.4","16.0","16.8","19.6","17.8","9.6","14.4","18.5","16.6","12.9","17.7","18.4","18.9","19.7","18.2","19.2","19.1","14.0","18.1","15.6","14.2","13.0","17.1","23.5","25.8","25.7","24.3","14.1","19.6","17.8","19.2","18.4","14.1","15.5","15.0","18.0","24.1","24.1","19.6","19.8","25.2","19.3","22.1","23.1","20.6","22.8","28.3","25.0","24.2","23.8","18.8","18.0","27.0","21.4","20.7","26.8","23.3","20.4","22.9","24.5","26.8","20.7","22.4","24.0","19.9","19.4","18.1","17.2","20.5","16.8","17.7","20.9","22.6","31.3","27.2","21.9","21.1","17.8","25.9","14.8","14.8","15.8","17.5","20.3","25.3","24.1","23.0","23.0","19.7","15.0","21.0","11.9","10.0","12.0","18.0","16.8","20.7","21.4","26.9","26.2","17.1","12.2","15.2","19.3","12.4","8.1","16.8","19.8","19.1","20.3","19.0","17.3","15.4","16.0","21.7","15.1","17.7","13.5","19.1","17.1","14.1","15.7","13.2","14.0","11.9","10.4","15.9","10.4","12.4","10.1","13.7","13.5","15.3","15.6","15.6","13.6","13.6","12.3","25.8","21.1","20.1","13.0","10.2","10.9","17.5","30.6","28.7","22.7","21.3","15.6","16.7","22.6","18.4","10.0","15.1","10.7","13.2","8.6","12.3","15.0","10.7","6.3","13.2","13.3","18.0","16.8","22.5","11.6","12.6","12.8","9.2","9.1","15.5","7.3","10.1","17.4","10.4","15.2"
"Quebec",,,"156.5","156.5","153.7","151.8","168.6","193.0","234.3","213.0","165.0","166.4","165.0","169.1","159.3","164.2","163.4","169.2","189.5","210.1","255.8","235.2","174.9","186.9","187.5","182.1","170.1","172.6","177.1","179.3","191.6","229.7","260.0","250.7","188.8","187.2","178.3","177.5","162.0","160.8","163.3","176.1","191.8","208.1","243.4","228.4","185.2","186.1","190.7","181.4","181.0","178.7","169.1","168.9","175.9","197.6","249.1","233.1","185.0","188.8","194.7","193.5","183.4","178.7","177.1","172.9","201.9","223.0","266.8","245.7","193.2","193.9","195.7","194.0","203.5","194.7","198.6","198.2","209.0","238.4","290.9","262.5","217.7","216.7","222.4","219.1","215.3","225.1","225.4","223.9","233.8","263.3","318.5","303.8","242.0","247.0","235.4","233.1","213.4","214.9","212.8","224.5","232.5","258.8","286.9","267.7","206.6","209.4","208.9","220.9","204.6","207.6","205.3","217.6","233.3","269.9","296.9","273.1","224.7","224.8","222.1","231.7","205.8","214.6","202.9","207.1","233.9","245.3","287.4","266.0","216.3","208.0","201.5","198.8","187.1","189.0","195.6","210.9","217.4","235.5","267.0","249.2","209.1","206.6","206.0","202.2","188.7","200.3","186.6","195.8","213.2","222.7","251.9","233.4","194.0","194.8","187.9","197.5","186.1","184.2","182.7","170.9","188.3","208.1","248.5","235.5","191.5","194.6","194.2","192.0","195.0","190.1","178.2","178.7","195.9","206.1","244.0","222.8","197.1","197.3","181.7","183.6","181.1","180.6","169.2","163.7","179.0","196.2","220.3","205.6","173.1","170.5","184.4","187.8","183.4","179.5","179.4","186.2","197.1","205.6","242.4","221.5","184.5","193.7","192.3","200.2","189.6","189.7","182.6","187.4","201.9","216.6","252.4","231.9","184.4","196.7","200.2","209.5","208.0","209.7","205.6","208.2","212.7","237.4","273.9","252.0","216.0","215.1","207.8","212.1","211.5","209.5","168.5","130.5","143.8","191.0","235.6","240.6","201.1","184.0","191.3","196.9","165.7","183.5","174.8","183.6","202.8","247.9","299.2","266.0","222.8","224.1","227.2","227.6","206.1","217.9","216.4","209.1","219.6","233.5","273.0","263.0","226.1","232.6","227.6","236.4","19.4","18.9","19.6","18.5","17.1","20.2","20.6","15.2","19.4","19.6","20.3","16.5","19.1","19.7","22.2","21.3","19.3","18.8","20.4","17.8","20.7","17.2","18.2","16.4","18.7","20.4","19.1","20.1","17.9","18.1","18.8","15.8","16.0","18.8","20.6","17.7","24.4","24.0","22.9","23.3","19.4","17.5","22.7","18.5","19.9","21.4","20.6","17.6","18.0","15.6","21.2","21.6","18.8","18.5","21.3","17.2","20.1","18.3","15.6","16.4","19.0","17.3","23.0","21.7","17.6","16.0","20.8","17.7","17.8","18.1","18.6","15.6","17.7","16.3","16.9","18.0","18.4","16.6","14.9","16.3","18.1","17.2","15.8","14.2","14.6","15.2","15.2","19.3","14.2","18.4","13.7","13.1","14.2","12.1","16.2","14.8","18.9","20.6","20.3","20.7","22.3","18.8","20.0","19.0","21.5","19.4","21.7","20.5","21.8","20.9","24.2","22.2","19.5","16.3","17.9","17.4","18.3","16.3","17.4","13.9","19.2","15.7","20.0","18.7","17.0","18.4","17.9","14.6","15.1","16.4","20.5","15.7","18.1","19.8","19.5","19.3","20.3","20.5","18.6","17.2","16.9","16.3","19.3","15.3","18.1","18.4","23.9","22.6","17.3","17.7","20.4","17.4","13.7","16.0","16.8","14.1","15.2","17.8","17.9","20.6","20.6","20.0","18.4","18.3","20.8","17.7","18.0","18.4","14.7","16.0","21.3","23.8","17.6","18.1","18.3","18.5","16.3","15.4","15.6","13.7","16.1","18.2","19.4","23.6","20.8","17.6","19.8","16.9","17.3","16.3","9.7","11.0","13.0","17.5","14.6","15.5","13.5","19.6","16.6","15.2","12.5","11.8","10.6","8.3","12.5","12.6","14.8","15.1","12.5","12.9","13.5","13.7","10.5","13.2","12.0","9.8","11.7","10.4","12.7","10.5","11.8","11.1","8.6","10.2","11.6","10.3","10.0","10.0","9.8","8.4","23.7","35.7","35.5","30.9","21.6","19.6","13.9","16.1","14.4","8.0","18.5","15.3","18.8","15.9","13.1","11.9","7.6","5.7","9.9","6.9","6.3","7.7","13.7","7.6","9.2","10.9","8.3","10.0","9.8","6.5","9.6","7.5","7.9","7.0"
"Ontario",,,"346.9","329.4","335.1","345.2","373.6","377.3","451.5","443.6","336.8","338.8","347.9","349.5","338.8","321.4","337.3","338.2","369.6","368.7","447.7","461.6","357.6","366.5","369.5","362.5","340.8","348.8","349.5","336.9","379.4","387.0","431.3","435.9","334.8","340.2","333.2","350.7","334.5","334.3","339.5","345.0","379.3","396.7","458.8","450.1","345.3","355.7","355.0","351.0","335.6","331.7","341.0","333.2","376.3","385.8","436.5","443.1","338.7","343.1","340.2","351.0","333.4","333.9","337.8","338.8","390.9","409.3","461.9","453.9","345.2","357.8","365.0","377.8","358.9","364.8","360.5","354.9","410.2","425.6","494.9","480.2","364.3","380.7","374.7","374.0","348.5","354.1","343.2","353.4","390.5","414.6","462.2","460.2","372.1","371.9","361.3","377.5","336.2","337.2","324.0","310.5","355.9","371.3","417.5","413.9","313.7","327.1","317.6","319.0","308.1","299.7","302.5","310.9","357.0","368.6","415.8","408.9","285.9","297.8","302.0","324.1","319.4","313.2","316.9","315.7","359.7","378.7","429.5","419.2","300.3","299.8","318.4","303.6","276.1","272.0","285.5","292.3","313.3","334.7","390.2","377.9","304.3","316.8","302.2","314.2","304.3","309.0","311.3","307.6","322.5","345.8","393.2","382.8","295.1","298.4","305.1","305.9","294.0","293.8","300.8","301.4","339.3","350.5","403.4","386.7","310.1","311.3","290.5","305.0","292.5","308.1","300.8","280.3","332.0","351.7","387.0","397.0","295.5","298.2","295.6","301.8","291.8","299.9","298.1","290.1","351.4","364.3","396.6","388.4","279.3","296.1","287.2","280.8","276.6","294.1","299.1","304.0","358.9","371.0","432.0","417.2","311.8","325.3","344.8","344.9","316.0","317.9","332.4","327.0","368.2","384.8","423.2","412.0","321.1","322.8","331.1","333.4","335.2","335.3","313.4","334.2","367.5","385.8","422.2","427.5","320.5","304.8","316.3","320.6","305.3","300.1","226.2","177.8","200.6","263.5","331.6","335.6","289.1","291.7","289.5","300.0","242.4","252.9","266.8","260.5","288.5","346.1","408.2","417.9","309.3","334.1","329.8","328.4","271.3","311.1","310.1","325.5","372.6","371.7","437.9","430.6","319.2","343.6","341.9","357.3","13.6","18.6","17.8","17.2","14.4","15.3","17.7","15.9","15.2","16.0","16.7","15.2","15.7","17.6","19.7","19.9","20.3","17.0","19.5","17.5","17.1","16.1","17.2","15.4","17.9","18.5","18.3","21.2","19.0","19.2","23.1","20.8","21.8","20.3","18.6","16.7","17.8","20.1","20.6","19.4","20.9","17.4","21.4","17.8","19.0","17.3","17.8","15.3","17.5","20.4","17.9","19.4","20.9","17.7","22.6","17.5","18.4","18.2","17.0","14.7","17.9","18.0","18.1","18.0","17.0","14.6","20.8","18.1","19.9","16.7","16.8","15.5","15.8","15.3","17.4","17.7","16.3","14.1","19.3","15.1","17.8","16.2","17.8","15.8","15.1","17.4","18.1","19.1","19.2","16.4","20.3","18.1","16.8","16.8","20.2","15.5","19.0","20.3","24.3","23.2","24.4","22.0","25.1","22.0","20.6","18.8","21.2","18.8","21.7","21.3","24.5","23.8","23.3","20.1","23.7","22.0","25.7","25.8","20.6","19.2","20.2","20.4","21.7","22.3","24.2","19.3","23.5","20.0","23.4","24.4","21.1","19.3","20.6","24.2","22.7","24.0","28.7","21.2","25.5","24.8","24.1","21.4","20.1","21.5","20.1","19.0","22.7","23.5","25.6","21.4","22.3","23.4","21.8","23.0","19.2","19.2","19.3","19.6","19.5","21.0","24.0","20.7","21.9","20.8","18.4","17.9","21.3","19.4","18.0","16.6","20.0","23.2","23.4","20.5","22.6","20.0","18.6","18.0","13.9","15.8","18.0","17.6","20.3","21.2","18.2","13.4","20.0","16.6","19.3","16.0","16.7","17.8","21.4","17.3","20.0","16.4","19.1","14.6","16.2","12.8","12.6","13.5","10.9","10.3","14.5","15.6","17.2","18.0","16.0","16.0","16.5","15.4","15.5","14.3","14.6","12.3","13.4","12.7","15.5","15.7","16.0","15.4","20.2","15.3","14.2","15.7","13.1","11.4","13.0","15.4","23.9","28.7","39.9","32.3","32.2","30.5","25.6","21.3","21.5","21.0","24.4","24.5","23.2","25.2","25.3","21.9","19.2","16.3","15.2","8.1","10.6","11.2","18.9","13.5","13.5","13.4","16.3","14.1","15.1","13.6","14.0","12.9","13.3","9.7"
"Manitoba",,,"37.7","36.4","37.0","37.3","43.2","43.7","48.4","47.2","38.9","41.4","40.2","38.4","37.4","38.0","40.6","39.9","44.8","46.6","52.9","49.6","43.8","42.7","42.7","42.0","38.9","38.8","39.4","38.9","42.7","44.7","50.1","48.8","41.7","41.8","40.5","41.0","38.4","36.5","37.1","36.9","40.8","42.7","46.4","45.6","39.4","39.2","36.7","39.5","35.3","38.5","37.2","39.2","41.9","43.4","49.5","47.9","39.2","42.9","40.8","41.3","41.6","42.9","40.3","41.0","43.9","45.6","49.7","50.6","39.9","41.0","41.6","41.3","38.9","39.9","41.0","43.7","45.7","47.4","52.8","50.4","39.8","42.3","43.6","43.2","41.4","39.7","42.1","44.0","44.4","47.6","53.7","51.0","39.8","42.4","41.3","40.5","38.9","39.2","38.5","39.5","42.1","42.8","49.2","48.6","36.9","36.9","35.7","35.8","35.7","34.1","34.6","36.5","38.8","42.0","48.0","46.7","38.8","39.0","38.3","37.8","34.1","34.8","34.7","35.1","37.9","39.9","45.3","44.6","37.2","36.3","37.3","37.5","34.7","35.1","35.6","37.7","40.1","40.8","46.1","45.3","37.9","35.4","35.6","35.8","35.6","36.6","37.4","37.2","37.9","41.5","45.1","43.7","35.5","33.8","34.3","33.4","30.9","30.2","30.7","29.8","35.0","38.5","42.5","42.3","34.8","34.0","35.3","35.8","31.7","31.9","32.9","33.2","35.8","36.7","43.1","43.1","34.9","35.2","34.4","35.0","32.9","32.5","33.1","32.8","36.8","35.9","41.0","40.7","34.3","35.4","34.9","34.9","33.9","33.1","32.6","33.5","35.4","37.5","43.1","42.1","34.7","34.7","34.6","34.1","33.3","33.2","34.6","36.6","39.3","42.5","46.8","45.7","35.0","32.9","30.8","31.9","31.3","32.1","31.9","33.8","35.8","38.0","44.7","40.8","32.6","33.7","31.5","34.5","33.1","35.1","29.9","21.8","28.4","36.7","36.1","39.2","31.3","34.1","28.6","26.7","25.0","28.2","29.1","30.6","35.3","33.5","42.3","41.6","33.0","34.8","36.1","38.2","35.5","36.3","36.0","37.5","39.4","42.6","48.0","47.1","37.5","35.1","34.7","34.9","10.5","12.5","13.7","14.8","10.9","10.8","15.7","11.8","17.5","13.2","15.2","13.7","16.5","18.8","15.2","14.8","10.6","8.6","13.3","12.3","9.5","10.9","12.3","11.4","12.8","12.2","13.2","10.8","13.2","10.1","11.0","8.6","14.4","14.7","15.2","11.6","14.4","13.5","14.5","17.6","13.5","13.1","15.9","15.1","17.8","15.3","15.6","11.6","15.1","12.9","15.1","11.7","14.8","10.9","12.4","10.4","12.5","9.5","10.9","12.5","10.7","14.0","16.7","17.3","14.8","10.4","13.7","11.8","14.7","13.0","14.6","11.2","19.6","12.5","11.8","14.8","15.7","11.9","9.9","10.2","14.4","15.4","14.2","13.1","12.7","15.4","12.1","14.5","13.5","13.0","10.4","11.2","13.1","13.1","14.3","12.7","10.4","14.6","17.4","13.9","12.8","14.2","14.4","13.7","17.8","17.6","18.7","15.2","14.2","17.8","17.8","16.9","18.7","18.0","16.5","13.8","14.0","10.8","12.9","13.9","17.0","15.5","15.0","14.6","16.7","13.4","19.8","15.2","18.4","18.1","15.8","16.5","19.5","18.9","18.2","17.9","16.1","14.6","16.9","15.5","13.9","15.3","13.8","13.8","12.7","14.9","11.4","14.3","16.2","13.7","16.6","14.3","17.1","16.3","16.1","15.0","14.4","12.2","15.2","20.7","15.6","13.1","16.3","17.1","17.9","17.9","14.1","12.5","18.9","19.3","17.1","17.4","18.6","14.7","17.4","14.3","14.4","13.5","17.5","15.5","15.6","15.1","17.9","20.8","16.7","18.4","23.4","18.9","16.7","13.2","15.1","15.7","15.3","15.1","16.4","18.3","15.9","14.6","17.6","16.0","17.2","15.2","14.4","14.3","15.5","15.1","14.8","16.2","15.8","12.2","15.9","12.8","13.8","16.9","18.7","18.0","20.6","13.0","12.8","14.5","15.4","16.8","15.5","16.9","14.4","16.0","14.2","8.7","11.3","9.3","17.7","28.8","26.0","20.7","26.8","21.1","22.0","17.5","19.4","21.5","23.3","24.3","21.8","23.7","17.7","19.9","14.9","9.2","15.2","11.5","10.4","11.2","10.8","9.3","10.9","12.0","13.0","7.8","11.1","12.8","13.2","12.3","11.0","12.5"
"Saskatchewan",,,"31.7","30.4","31.3","32.4","32.8","34.3","42.8","44.8","32.7","31.7","32.0","30.9","30.1","30.7","33.0","31.3","35.2","35.8","42.8","44.2","36.2","34.6","35.4","36.4","32.5","33.9","33.5","34.7","38.0","40.1","43.3","43.3","32.5","33.7","32.7","33.5","32.0","31.9","32.0","32.7","35.3","37.3","41.2","40.9","34.2","33.0","32.6","33.2","32.1","32.2","33.5","33.1","38.1","37.3","42.5","43.1","33.9","33.7","33.9","31.2","32.4","32.7","32.9","34.1","39.1","40.1","46.9","45.7","37.3","38.4","37.1","37.5","35.0","35.2","36.0","35.8","39.6","38.9","44.4","43.0","35.3","36.1","38.6","37.2","34.1","37.0","35.1","38.0","38.8","41.1","46.0","46.2","38.6","37.4","37.3","37.5","35.8","35.5","34.8","38.3","40.5","40.4","42.0","42.6","35.4","34.7","35.9","34.6","32.4","34.5","35.1","33.9","37.5","36.0","40.8","38.1","30.6","30.0","31.6","33.3","31.6","31.4","30.8","30.0","36.5","36.7","40.6","39.9","31.7","33.7","30.1","32.5","31.2","31.6","31.4","32.5","35.7","34.1","36.3","40.3","31.0","30.7","30.6","32.0","32.0","32.6","32.1","31.8","36.0","36.6","42.8","42.0","30.3","31.0","31.8","32.2","29.5","28.3","27.4","27.7","31.2","32.9","37.0","36.5","32.8","30.9","29.2","31.8","28.8","31.3","30.0","30.5","32.8","33.6","36.9","35.8","30.5","28.1","30.1","27.6","27.8","26.2","27.0","27.8","32.4","32.0","35.2","35.3","27.8","26.4","28.8","27.4","27.8","28.5","27.3","28.4","33.4","31.2","34.8","33.3","25.4","26.4","25.8","24.1","24.2","24.9","25.6","24.7","27.3","28.5","33.2","35.0","27.0","27.4","27.3","27.0","25.9","25.2","27.0","25.2","28.1","31.5","32.8","32.8","27.1","27.9","28.7","26.7","23.3","25.0","21.1","16.5","19.4","28.9","31.7","30.0","24.5","25.0","23.8","22.9","23.2","22.9","24.2","27.2","30.0","30.1","35.4","37.3","30.2","30.3","28.0","28.9","29.4","30.0","28.9","29.0","33.8","37.1","38.9","39.7","29.8","29.0","27.3","28.4","13.4","15.3","16.1","17.2","15.9","15.3","17.3","10.6","14.2","13.9","14.9","15.6","17.3","13.3","10.3","15.6","16.8","13.1","16.9","11.6","13.0","16.0","15.3","10.3","15.4","14.2","14.8","11.3","13.0","12.0","15.9","12.9","15.6","10.4","14.4","13.4","16.2","16.3","16.0","13.3","14.1","12.0","19.1","13.7","13.9","12.9","12.1","11.0","9.1","11.5","12.8","13.6","11.0","11.8","12.6","11.1","14.6","13.3","12.6","13.8","11.2","13.1","14.3","13.0","9.1","8.7","11.0","10.4","12.0","9.4","10.6","9.4","12.7","13.1","11.1","10.9","11.2","10.2","12.9","11.7","11.3","11.3","9.0","7.9","12.3","8.9","12.0","14.2","11.8","8.9","13.0","9.4","11.1","10.7","9.7","9.0","10.7","14.7","14.3","12.0","12.9","12.0","14.5","12.2","13.4","15.4","13.5","10.8","12.9","10.6","11.4","13.0","9.9","10.7","11.7","11.2","12.6","16.9","12.9","8.8","10.2","14.7","15.1","19.1","11.4","12.6","16.8","9.1","14.6","11.8","19.5","11.9","10.9","13.9","12.3","12.2","11.6","11.0","17.5","12.4","14.6","13.3","15.9","12.6","10.1","12.4","13.5","11.2","10.6","7.1","9.0","9.1","11.9","9.1","8.1","6.4","8.1","11.3","12.7","11.5","13.6","9.4","9.3","11.4","10.4","7.5","9.9","5.4","9.1","12.1","12.0","14.8","17.2","10.6","13.0","12.9","12.4","16.9","13.0","12.4","12.9","17.9","16.4","17.0","14.7","14.2","15.6","14.5","18.5","18.3","18.1","10.4","15.8","13.6","16.2","16.3","13.7","14.2","14.9","16.9","17.8","14.6","15.2","18.3","13.6","11.1","15.8","18.4","20.9","18.8","19.4","15.5","16.1","15.2","11.7","12.3","15.1","15.2","10.3","19.9","15.9","12.3","20.6","19.8","14.0","12.5","14.9","19.1","19.9","16.9","26.6","34.8","36.8","24.5","24.9","19.7","18.3","18.0","19.4","17.3","17.7","20.5","18.2","18.6","16.9","13.3","17.9","13.1","14.4","8.5","10.5","12.4","12.2","8.8","10.0","18.3","13.6","7.0","12.8","7.0","7.2","11.0","10.2","7.5"
"Alberta",,,"104.3","105.5","108.4","110.0","116.7","122.6","133.6","132.5","112.9","108.6","109.6","110.2","106.7","105.5","105.4","109.8","116.6","118.0","140.4","142.0","110.0","108.8","110.1","112.2","105.4","106.5","109.7","109.2","120.8","132.8","146.8","146.8","126.3","125.3","126.4","116.8","109.4","107.2","110.6","114.8","123.7","128.9","142.9","143.1","126.8","124.0","128.0","134.3","123.1","123.4","124.9","119.3","132.3","127.5","146.5","140.5","113.5","123.8","124.8","126.1","120.1","132.2","132.6","127.4","139.3","143.2","153.8","164.0","132.6","135.5","141.3","134.5","129.7","126.9","123.9","126.8","135.7","142.1","161.0","159.2","124.4","122.7","122.6","129.6","121.6","126.1","132.7","131.7","136.1","149.7","155.2","155.2","138.2","134.6","135.6","127.2","117.3","124.3","121.0","117.6","129.3","128.8","138.7","131.9","113.6","108.2","107.8","113.3","104.2","106.3","103.1","111.6","117.5","120.7","131.7","127.5","104.4","108.5","111.4","113.2","107.8","109.1","110.3","107.7","113.3","117.2","139.7","136.8","115.4","115.7","113.3","121.9","116.8","111.2","116.3","117.3","123.4","123.6","134.6","126.4","101.1","100.8","100.2","99.0","107.0","101.8","101.0","100.9","114.5","121.8","134.5","132.8","109.5","112.8","110.6","112.3","102.5","103.6","106.9","101.9","120.1","115.7","130.4","126.4","106.9","108.9","106.7","109.4","103.1","103.8","106.4","106.8","114.6","120.5","132.4","126.3","112.8","109.1","104.3","109.1","99.2","98.2","101.5","104.8","109.9","110.8","122.7","119.4","106.9","106.1","102.8","104.2","105.7","103.8","102.3","95.1","107.5","107.9","118.1","113.0","95.3","98.5","93.8","98.6","95.0","92.5","90.2","86.0","108.7","105.3","122.4","117.7","98.5","95.5","94.9","98.2","89.1","91.9","90.3","98.1","98.7","102.6","120.6","119.9","90.3","100.6","90.9","96.6","88.9","91.2","67.9","48.1","62.0","83.8","102.1","101.0","88.3","93.4","92.6","82.3","68.5","75.0","80.8","72.7","88.0","100.5","114.3","122.1","110.8","109.3","111.9","112.7","101.6","105.5","108.1","112.5","127.9","128.7","128.3","121.7","102.4","100.2","99.5","106.8","14.2","12.4","10.2","13.1","14.0","11.6","15.7","13.2","12.3","15.6","14.4","15.0","15.5","13.7","16.3","14.2","14.6","14.7","17.6","14.6","15.5","16.5","17.7","13.8","17.1","12.7","12.4","16.1","16.8","10.8","14.8","12.0","10.8","10.2","10.7","12.1","13.9","15.1","16.3","11.3","12.0","8.2","12.2","11.6","9.8","11.0","8.9","7.9","10.4","11.2","6.8","12.2","8.6","7.1","8.0","9.4","12.2","8.0","10.0","10.3","11.7","8.8","9.9","10.4","10.1","7.2","13.2","9.1","10.3","9.2","6.4","9.5","9.9","11.8","11.7","11.6","11.2","10.2","10.5","9.1","7.8","10.9","11.5","8.3","12.5","11.9","8.1","12.2","13.1","7.5","11.2","11.1","10.0","14.6","10.5","10.8","14.6","14.0","17.0","17.1","13.7","13.6","19.8","16.4","17.6","20.1","20.1","15.0","14.4","16.7","18.7","16.7","16.3","13.0","17.0","14.4","15.1","16.8","14.0","13.1","14.3","14.8","14.6","16.4","14.8","15.1","17.3","17.1","16.4","15.2","14.6","11.6","10.6","12.4","14.1","12.7","13.9","10.4","11.4","11.4","17.7","14.4","13.8","12.6","9.8","12.9","14.4","13.8","15.2","13.9","12.8","12.6","10.5","9.8","13.9","10.3","13.3","12.9","14.8","13.5","12.2","11.7","14.9","15.6","15.0","10.9","11.5","10.6","7.9","12.8","13.9","15.2","17.8","10.2","15.7","13.5","13.8","11.4","16.2","14.4","15.1","17.0","16.6","16.8","14.9","17.9","22.4","20.1","16.1","18.5","19.6","13.7","13.7","17.6","18.9","21.1","19.5","17.6","20.2","23.2","13.9","18.5","17.3","15.5","15.3","16.7","20.2","22.5","18.5","17.5","19.0","19.1","15.5","17.1","18.4","10.5","14.2","13.3","17.6","13.8","17.5","19.0","20.3","23.0","28.0","18.3","22.8","17.1","18.5","21.7","32.2","41.1","43.0","38.5","31.2","31.3","27.9","23.3","23.8","23.7","29.6","29.1","23.3","27.6","23.2","18.3","16.3","17.3","14.0","14.9","14.6","12.4","17.1","17.2","13.5","11.0","10.9","12.1","18.7","15.7","15.3","11.3","11.6","11.9"
"British Columbia",,,"96.6","98.3","103.6","106.2","115.8","110.3","132.2","129.3","103.3","103.5","104.2","105.2","96.2","101.1","100.6","108.9","114.7","116.7","135.1","142.9","114.9","104.5","105.0","111.1","102.6","100.9","103.5","107.7","103.5","112.0","122.6","124.5","101.4","112.4","109.0","109.9","101.2","94.5","93.9","93.2","104.0","114.6","125.1","130.2","110.2","110.6","107.7","118.9","101.8","101.9","104.4","109.0","120.3","123.3","146.3","141.1","123.2","129.6","130.8","133.4","113.3","125.6","118.4","125.8","129.7","131.5","150.3","147.4","119.9","132.8","126.7","123.3","121.8","127.4","127.4","127.0","140.5","149.9","166.8","167.0","136.1","142.0","141.8","142.3","134.3","135.0","135.2","131.5","137.6","147.0","160.1","163.5","130.5","128.1","130.3","128.0","118.4","108.7","110.4","114.1","120.4","126.8","136.9","133.3","106.4","104.1","102.2","104.8","106.3","105.3","110.5","109.2","106.4","111.7","130.0","127.4","101.8","103.7","107.4","113.5","108.0","101.9","103.1","102.9","102.5","106.4","124.1","125.8","111.1","108.9","110.3","117.4","103.7","100.8","99.4","108.5","104.5","106.9","126.5","130.4","104.0","101.2","99.8","95.6","91.0","97.4","99.8","100.7","109.8","110.0","121.0","123.9","107.0","99.2","99.2","96.9","94.8","97.4","102.5","94.5","104.0","113.8","120.6","117.6","100.6","111.6","111.7","108.9","100.4","99.1","103.1","97.5","111.3","116.8","125.0","119.1","98.8","107.5","110.4","102.3","96.2","97.7","108.2","103.3","111.2","114.5","134.2","140.0","106.0","113.5","115.8","115.7","113.0","105.9","114.1","109.2","130.0","143.3","147.8","149.0","122.4","124.0","125.2","132.5","126.9","122.6","120.9","120.4","136.1","134.2","151.0","142.3","121.9","119.2","116.5","121.6","117.4","119.5","123.3","117.9","126.2","124.8","143.9","140.2","111.0","120.4","112.2","109.9","101.8","108.0","80.3","65.8","77.9","113.4","127.6","127.1","104.3","102.2","97.4","86.8","90.6","102.8","117.8","108.4","105.8","133.9","139.2","141.9","132.0","124.8","121.9","124.1","118.4","116.9","117.5","117.8","126.4","132.3","146.9","140.4","110.7","110.9","118.8","112.9","16.4","19.8","15.3","17.9","16.5","18.2","18.6","18.7","16.2","19.1","20.9","17.1","20.9","21.6","22.9","19.1","18.6","21.3","22.6","17.9","19.1","22.6","23.1","17.2","20.2","21.1","17.1","19.6","22.1","16.4","26.6","22.3","23.7","18.4","15.3","14.7","22.7","20.9","19.7","19.7","22.6","17.4","21.8","16.7","16.9","17.6","17.2","12.5","19.1","20.5","15.7","15.2","16.9","14.3","16.4","15.1","10.4","8.9","8.4","8.9","11.6","9.4","11.5","13.7","11.3","10.1","16.5","12.7","12.4","11.1","11.3","12.6","12.0","9.9","10.0","8.6","10.0","7.7","12.5","8.0","12.3","9.4","9.3","10.1","12.4","10.4","10.8","10.8","12.2","10.8","14.7","10.9","10.7","12.1","11.4","10.5","14.1","17.1","18.0","19.2","17.7","17.5","21.8","19.6","18.7","18.4","20.0","19.3","20.7","15.6","17.1","18.6","21.4","20.0","21.4","21.8","26.9","21.2","14.3","11.3","16.8","21.9","22.4","19.5","24.4","17.6","23.7","20.9","19.6","15.4","16.7","12.9","16.3","19.5","20.0","15.0","21.7","21.3","22.5","14.8","20.7","17.5","19.5","20.5","19.4","17.7","18.7","16.3","16.9","15.2","21.3","19.4","18.0","21.3","17.9","16.0","16.5","18.2","13.6","17.8","20.2","13.3","16.0","16.9","23.2","15.5","12.5","12.5","12.1","16.8","15.0","13.3","15.5","12.6","15.9","19.2","20.6","16.7","10.7","15.9","19.3","19.8","12.0","11.1","14.1","15.2","14.8","8.7","15.5","12.6","9.7","9.8","9.2","12.7","13.2","12.7","15.7","8.4","12.7","12.5","11.1","8.9","7.7","4.3","8.1","10.2","8.2","9.3","10.6","11.2","11.7","12.8","10.4","9.1","11.8","12.9","10.9","12.1","12.5","12.9","11.7","10.5","13.5","14.6","15.0","12.9","12.5","10.1","13.8","12.1","25.4","29.9","34.9","27.9","24.2","22.7","15.7","17.3","14.1","22.8","15.3","14.6","18.5","17.0","24.1","13.6","14.7","15.7","11.1","9.2","13.5","6.3","8.9","11.2","11.2","11.6","8.5","8.8","13.6","10.6","12.1","17.5","11.2","10.0"




Footnotes:
1,"To ensure respondent confidentiality, estimates below a certain threshold are suppressed. For Canada, Quebec, Ontario, Alberta and British Columbia suppression is applied to all data below 1,500. The threshold level for Newfoundland and Labrador, Nova Scotia, New Brunswick, Manitoba and Saskatchewan is 500, while in Prince Edward Island, estimates under 200 are supressed. For census metropolitan areas (CMAs) and economic regions (ERs), use their respective provincial suppression levels mentioned above. Estimates are based on smaller sample sizes the more detailed the table becomes, which could result in lower data quality."
2,"Starting in 2006, enhancements to the Labour Force Survey data processing system may have introduced a level shift in some estimates, particularly for less common labour force characteristics. Use caution when comparing estimates before and after 2006. For more information, contact statcan.labour-travail.statcan@statcan.gc.ca"
3,"Excluding the territories."
4,"Number of persons who, during the reference week, worked for pay or profit, or performed unpaid family work or had a job but were not at work due to own illness or disability, personal or family responsibilities, labour dispute, vacation, or other reason. Those persons on layoff and persons without work but who had a job to start at a definite date in the future are not considered employed. Estimates in thousands, rounded to the nearest hundred."
5,"The unemployment rate is the number of unemployed persons expressed as a percentage of the labour force. The unemployment rate for a particular group (age, sex, marital status, etc.) is the number unemployed in that group expressed as a percentage of the labour force for that group. Estimates are percentages, rounded to the nearest tenth."



"How to cite: Statistics Canada. Table 14-10-0017-01  Labour force characteristics by sex and detailed age group, monthly, unadjusted for seasonality (x 1,000)"
https://www150.statcan.gc.ca/t1/tbl1/en/tv.action?pid=1410001701